unicorn,nate,112,unicorn_profile.png,not banned,2023-10-18 16:51:21
admin,admin,admin,admin.png,not banned,2023-10-18 19:35:10
jett,jett,jett11,jett_profile.jpg,not banned,2023-10-18 16:55:47
Chantal Kristeen,Kristeen,teen,default-pfp.jpg,not banned,2023-10-17 20:56:57
Malcom Frieda,Frieda,ieda,default-pfp.jpg,not banned,2023-10-18 16:41:36
Gareth Kelly,Kelly,elly,default-pfp.jpg,not banned,2023-10-17 20:57:46
Hildred Dick,Dick,Hild,default-pfp.jpg,not banned,2023-10-17 20:58:06
Spring Rene,Rene,ring,default-pfp.jpg,not banned,2023-10-17 20:58:24
Rebekah Hugh,Hugh,Rebe,default-pfp.jpg,not banned,2023-10-17 20:58:47
Leanne Dalton,Dalt,Dalton,default-pfp.jpg,not banned,2023-10-17 20:59:04
Antony Kinsey,Kinsey,nsey,default-pfp.jpg,not banned,2023-10-17 20:59:23
Lorelei Brittny,Brittny,ttny,default-pfp.jpg,not banned,2023-10-17 20:59:47
Mya Shayla,Shay,Mya,default-pfp.jpg,not banned,2023-10-17 21:00:03
Sydney Everleigh,Everleigh,Syd,default-pfp.jpg,not banned,2023-10-17 21:00:21
Joline Jeremy,Jeremy,remy,default-pfp.jpg,not banned,2023-10-17 21:30:23
Sarina Lennie,Lennie,nnie,default-pfp.jpg,not banned,2023-10-17 21:30:02
Magdalene Deven,Deven,Magda,default-pfp.jpg,not banned,2023-10-17 21:29:44
Alexis Jennica,Jennica,Jenn,default-pfp.jpg,not banned,2023-10-17 21:27:03
gymbro,gymbro,gymbro,gymbro.jpg,not banned,2023-10-18 01:32:45
