Albert Einstein,einstein01,mcpower2,catss.jpg,banned
Isaac Newton,newton02,apple10,Isaac.jpg,banned
Nathanont,nate,112,mymatenate.jpg,not banned
Paolo Maldini,Maldi,Bess9073!,Maldini.jpg,banned
Kitasan Black,Kitachan,kita,Kita.jpg,banned
testname,testuser,test123,pfp.png,not banned
Wonyoung,wonyoung,ive,wonyoung.png,not banned
wasd,wasd,wasd,default-pfp.jpg,not banned
Yui Mizuno,Yuimetal,yai,2023-09-21_1695311704392.jpg,not banned
winter,winter,aespa,2023-10-08_1696783741228.jpg,not banned
admin,admin,admin,2023-10-11_1697027585536.jpg,not banned
