newton02,CR7 Meeting,9-10-2023,2023-09-21_1695313426460.png
newton02,Trash Penaldo Meeting,9-10-2023,true-ronaldo.jpg
newton02,สัมมนา "ชมรมคนรักเด็ก" โดย ผู้เชี่ยวชาญ,9-10-2023,N1x1.jpg
newton02,ไปเที่ยว ดวงจันทร์,07-10-2023,2023-09-21_1695313426460.png
nate,tremty,31-10-2023,2023-10-07_1696680525205.png
nate,xcccx,10-10-2023,default-pfp.jpg
nate,eating tofu,20-10-2024,2023-10-08_1696777459944.png
nate,tofu,15-10-2023 00:00:00,2023-10-08_1696780517176.png
nate,wasd,05-10-2023,2023-10-08_1696782142859.png
nate,was,29-09-2023,2023-10-08_1696782190787.png
